"image_id","class","relative_path","file_size_bytes"
"IMG_0112","bad","bad/IMG_0112.JPG","314690"
"IMG_0113","bad","bad/IMG_0113.JPG","216651"
"IMG_0114","bad","bad/IMG_0114.JPG","312676"
"IMG_0115","bad","bad/IMG_0115.JPG","164693"
"IMG_0122","bad","bad/IMG_0122.JPG","238309"
"IMG_0123","bad","bad/IMG_0123.JPG","168845"
"IMG_0124","bad","bad/IMG_0124.JPG","241199"
"IMG_0125","bad","bad/IMG_0125.JPG","192077"
"IMG_0126","bad","bad/IMG_0126.JPG","136043"
"IMG_0127","bad","bad/IMG_0127.JPG","113884"
"IMG_0128","bad","bad/IMG_0128.JPG","186589"
"IMG_0129","bad","bad/IMG_0129.JPG","140048"
"IMG_0130","bad","bad/IMG_0130.JPG","178690"
"IMG_0131","bad","bad/IMG_0131.JPG","180033"
"IMG_0132","bad","bad/IMG_0132.JPG","175228"
"IMG_0133","bad","bad/IMG_0133.JPG","110451"
"IMG_0136","bad","bad/IMG_0136.JPG","159645"
"IMG_0137","bad","bad/IMG_0137.JPG","155202"
"IMG_0138","bad","bad/IMG_0138.JPG","142283"
"IMG_0139","bad","bad/IMG_0139.JPG","133624"
"IMG_0140","bad","bad/IMG_0140.JPG","146112"
"IMG_0141","bad","bad/IMG_0141.JPG","152634"
"IMG_0142","bad","bad/IMG_0142.JPG","72523"
"IMG_0143","bad","bad/IMG_0143.JPG","79536"
"IMG_0146","bad","bad/IMG_0146.JPG","178260"
"IMG_0147","bad","bad/IMG_0147.JPG","145637"
"IMG_0148","bad","bad/IMG_0148.JPG","161854"
"IMG_0149","bad","bad/IMG_0149.JPG","113257"
"IMG_0150","bad","bad/IMG_0150.JPG","102705"
"IMG_0151","bad","bad/IMG_0151.JPG","97522"
"IMG_0152","bad","bad/IMG_0152.JPG","108944"
"IMG_0153","bad","bad/IMG_0153.JPG","99329"
"IMG_0158","bad","bad/IMG_0158.JPG","232461"
"IMG_0159","bad","bad/IMG_0159.JPG","269601"
"IMG_0160","bad","bad/IMG_0160.JPG","113803"
"IMG_0161","bad","bad/IMG_0161.JPG","144078"
"IMG_0162","bad","bad/IMG_0162.JPG","125385"
"IMG_0163","bad","bad/IMG_0163.JPG","131269"
"IMG_0166","bad","bad/IMG_0166.JPG","126780"
"IMG_0167","bad","bad/IMG_0167.JPG","132248"
"IMG_0173","bad","bad/IMG_0173.JPG","127103"
"IMG_0174","bad","bad/IMG_0174.JPG","101892"
"IMG_0177","bad","bad/IMG_0177.JPG","195755"
"IMG_0178","bad","bad/IMG_0178.JPG","160753"
"IMG_0179","bad","bad/IMG_0179.JPG","197317"
"IMG_0180","bad","bad/IMG_0180.JPG","123635"
"IMG_0183","bad","bad/IMG_0183.JPG","121481"
"IMG_0184","bad","bad/IMG_0184.JPG","129018"
"IMG_0185","bad","bad/IMG_0185.JPG","169338"
"IMG_0186","bad","bad/IMG_0186.JPG","138639"
"IMG_0189","bad","bad/IMG_0189.JPG","152029"
"IMG_0190","bad","bad/IMG_0190.JPG","113154"
"IMG_0191","bad","bad/IMG_0191.JPG","136777"
"IMG_0192","bad","bad/IMG_0192.JPG","138723"
"IMG_0193","bad","bad/IMG_0193.JPG","151811"
"IMG_0194","bad","bad/IMG_0194.JPG","100740"
"IMG_0195","bad","bad/IMG_0195.JPG","94826"
"IMG_0196","bad","bad/IMG_0196.JPG","109121"
"IMG_0197","bad","bad/IMG_0197.JPG","128598"
"IMG_0198","bad","bad/IMG_0198.JPG","90257"
"IMG_0201","bad","bad/IMG_0201.JPG","138814"
"IMG_0202","bad","bad/IMG_0202.JPG","121960"
"IMG_0203","bad","bad/IMG_0203.JPG","139578"
"IMG_0204","bad","bad/IMG_0204.JPG","130804"
"IMG_0205","bad","bad/IMG_0205.JPG","89172"
"IMG_0210","bad","bad/IMG_0210.JPG","82830"
"IMG_0211","bad","bad/IMG_0211.JPG","85236"
"IMG_0214","bad","bad/IMG_0214.JPG","70751"
"IMG_0215","bad","bad/IMG_0215.JPG","87514"
"IMG_0216","bad","bad/IMG_0216.JPG","95405"
"IMG_0217","bad","bad/IMG_0217.JPG","78608"
"IMG_0218","bad","bad/IMG_0218.JPG","80937"
"IMG_0219","bad","bad/IMG_0219.JPG","72029"
"IMG_0220","bad","bad/IMG_0220.JPG","48174"
"IMG_0221","bad","bad/IMG_0221.JPG","51152"
"IMG_0222","bad","bad/IMG_0222.JPG","78250"
"IMG_0223","bad","bad/IMG_0223.JPG","117361"
"IMG_0224","bad","bad/IMG_0224.JPG","111778"
"IMG_0225","bad","bad/IMG_0225.JPG","68712"
"IMG_0226","bad","bad/IMG_0226.JPG","74371"
"IMG_0227","bad","bad/IMG_0227.JPG","83807"
"IMG_0228","bad","bad/IMG_0228.JPG","124135"
"IMG_0229","bad","bad/IMG_0229.JPG","118191"
"IMG_0230","bad","bad/IMG_0230.JPG","153915"
"IMG_0231","bad","bad/IMG_0231.JPG","159966"
"IMG_0232","bad","bad/IMG_0232.JPG","117967"
"IMG_0233","bad","bad/IMG_0233.JPG","112487"
"IMG_0234","bad","bad/IMG_0234.JPG","105518"
"IMG_0235","bad","bad/IMG_0235.JPG","100222"
"IMG_0236","bad","bad/IMG_0236.JPG","113014"
"IMG_0237","bad","bad/IMG_0237.JPG","69220"
"IMG_0240","bad","bad/IMG_0240.JPG","77117"
"IMG_0241","bad","bad/IMG_0241.JPG","82320"
"IMG_0244","bad","bad/IMG_0244.JPG","84989"
"IMG_0245","bad","bad/IMG_0245.JPG","78516"
"IMG_0246","bad","bad/IMG_0246.JPG","69964"
"IMG_0247","bad","bad/IMG_0247.JPG","76678"
"IMG_0248","bad","bad/IMG_0248.JPG","93679"
"IMG_0249","bad","bad/IMG_0249.JPG","88136"
"IMG_0254","bad","bad/IMG_0254.JPG","76156"
"IMG_0255","bad","bad/IMG_0255.JPG","61196"
"IMG_0256","bad","bad/IMG_0256.JPG","59841"
"IMG_0257","bad","bad/IMG_0257.JPG","49354"
"IMG_0260","bad","bad/IMG_0260.JPG","77350"
"IMG_0261","bad","bad/IMG_0261.JPG","72267"
"IMG_0262","bad","bad/IMG_0262.JPG","48826"
"IMG_0263","bad","bad/IMG_0263.JPG","43202"
"IMG_0264","bad","bad/IMG_0264.JPG","86903"
"IMG_0265","bad","bad/IMG_0265.JPG","91862"
"IMG_0266","bad","bad/IMG_0266.JPG","137217"
"IMG_0267","bad","bad/IMG_0267.JPG","100735"
"IMG_0270","bad","bad/IMG_0270.JPG","140368"
"IMG_0271","bad","bad/IMG_0271.JPG","136185"
"IMG_0272","bad","bad/IMG_0272.JPG","94939"
"IMG_0273","bad","bad/IMG_0273.JPG","91508"
"IMG_0276","bad","bad/IMG_0276.JPG","154279"
"IMG_0277","bad","bad/IMG_0277.JPG","128266"
"IMG_0278","bad","bad/IMG_0278.JPG","189667"
"IMG_0279","bad","bad/IMG_0279.JPG","173073"
"IMG_0280","bad","bad/IMG_0280.JPG","150560"
"IMG_0281","bad","bad/IMG_0281.JPG","159203"
"IMG_0282","bad","bad/IMG_0282.JPG","143216"
"IMG_0283","bad","bad/IMG_0283.JPG","136756"
"IMG_0284","bad","bad/IMG_0284.JPG","114302"
"IMG_0285","bad","bad/IMG_0285.JPG","115135"
"IMG_0286","bad","bad/IMG_0286.JPG","169622"
"IMG_0287","bad","bad/IMG_0287.JPG","131186"
"IMG_0290","bad","bad/IMG_0290.JPG","75645"
"IMG_0291","bad","bad/IMG_0291.JPG","79387"
"IMG_0292","bad","bad/IMG_0292.JPG","77983"
"IMG_0293","bad","bad/IMG_0293.JPG","74792"
"IMG_0294","bad","bad/IMG_0294.JPG","96470"
"IMG_0295","bad","bad/IMG_0295.JPG","91815"
"IMG_0296","bad","bad/IMG_0296.JPG","157023"
"IMG_0297","bad","bad/IMG_0297.JPG","169962"
"IMG_0298","bad","bad/IMG_0298.JPG","89572"
"IMG_0299","bad","bad/IMG_0299.jpg","55748"
"IMG_0300","bad","bad/IMG_0300.jpg","91195"
"IMG_0357","bad","bad/IMG_0357.jpg","87007"
"IMG_0394","bad","bad/IMG_0394.JPG","120084"
"IMG_0395","bad","bad/IMG_0395.JPG","122198"
"IMG_0400","bad","bad/IMG_0400.JPG","118875"
"IMG_0401","bad","bad/IMG_0401.JPG","130790"
"IMG_0402","bad","bad/IMG_0402.JPG","128858"
"IMG_0403","bad","bad/IMG_0403.JPG","133255"
"IMG_0404","bad","bad/IMG_0404.JPG","170289"
"IMG_0405","bad","bad/IMG_0405.JPG","150811"
"IMG_0406","bad","bad/IMG_0406.JPG","79610"
"IMG_0407","bad","bad/IMG_0407.JPG","76946"
"IMG_0408","bad","bad/IMG_0408.JPG","120826"
"IMG_0409","bad","bad/IMG_0409.JPG","117269"
"IMG_0412","bad","bad/IMG_0412.JPG","141882"
"IMG_0413","bad","bad/IMG_0413.JPG","144212"
"IMG_0416","bad","bad/IMG_0416.JPG","68979"
"IMG_0417","bad","bad/IMG_0417.JPG","92518"
"IMG_0418","bad","bad/IMG_0418.JPG","85169"
"IMG_0421","bad","bad/IMG_0421.JPG","82303"
"IMG_0422","bad","bad/IMG_0422.JPG","88175"
"IMG_0423","bad","bad/IMG_0423.JPG","128209"
"IMG_0424","bad","bad/IMG_0424.JPG","110984"
"IMG_0425","bad","bad/IMG_0425.JPG","58121"
"IMG_0426","bad","bad/IMG_0426.JPG","55300"
"IMG_0427","bad","bad/IMG_0427.JPG","107222"
"IMG_0428","bad","bad/IMG_0428.JPG","106517"
"IMG_0429","bad","bad/IMG_0429.JPG","89202"
"IMG_0430","bad","bad/IMG_0430.JPG","92714"
"IMG_0431","bad","bad/IMG_0431.JPG","77808"
"IMG_0432","bad","bad/IMG_0432.JPG","78839"
"IMG_0435","bad","bad/IMG_0435.JPG","100940"
"IMG_0436","bad","bad/IMG_0436.JPG","99916"
"IMG_0437","bad","bad/IMG_0437.JPG","83254"
"IMG_0438","bad","bad/IMG_0438.JPG","90067"
"IMG_0439","bad","bad/IMG_0439.JPG","89710"
"IMG_0440","bad","bad/IMG_0440.JPG","125337"
"IMG_0441","bad","bad/IMG_0441.JPG","104376"
"IMG_0442","bad","bad/IMG_0442.JPG","105223"
"IMG_0443","bad","bad/IMG_0443.JPG","132567"
"IMG_0444","bad","bad/IMG_0444.JPG","136183"
"IMG_0445","bad","bad/IMG_0445.JPG","122646"
"IMG_0446","bad","bad/IMG_0446.JPG","109145"
"IMG_0447","bad","bad/IMG_0447.JPG","73286"
"IMG_0448","bad","bad/IMG_0448.JPG","68177"
"IMG_0449","bad","bad/IMG_0449.JPG","79511"
"IMG_0450","bad","bad/IMG_0450.JPG","84259"
"IMG_0451","bad","bad/IMG_0451.JPG","99958"
"IMG_0452","bad","bad/IMG_0452.JPG","80437"
"IMG_0453","bad","bad/IMG_0453.JPG","117912"
"IMG_0454","bad","bad/IMG_0454.JPG","127435"
"IMG_0455","bad","bad/IMG_0455.JPG","93222"
"IMG_0456","bad","bad/IMG_0456.JPG","85840"
"IMG_0457","bad","bad/IMG_0457.JPG","122018"
"IMG_0458","bad","bad/IMG_0458.JPG","92526"
"IMG_0463","bad","bad/IMG_0463.JPG","135847"
"IMG_0464","bad","bad/IMG_0464.JPG","134130"
"IMG_0465","bad","bad/IMG_0465.JPG","118502"
"IMG_0466","bad","bad/IMG_0466.JPG","104633"
"IMG_0467","bad","bad/IMG_0467.JPG","134561"
"IMG_0468","bad","bad/IMG_0468.JPG","137393"
"IMG_0469","bad","bad/IMG_0469.JPG","88032"
"IMG_0470","bad","bad/IMG_0470.JPG","76704"
"IMG_0471","bad","bad/IMG_0471.JPG","84005"
"IMG_0472","bad","bad/IMG_0472.JPG","71233"
"IMG_0473","bad","bad/IMG_0473.JPG","65824"
"IMG_0480","bad","bad/IMG_0480.JPG","70187"
"IMG_0481","bad","bad/IMG_0481.JPG","71126"
"IMG_0482","bad","bad/IMG_0482.JPG","119910"
"IMG_0483","bad","bad/IMG_0483.JPG","139811"
"IMG_0484","bad","bad/IMG_0484.JPG","88265"
"IMG_0485","bad","bad/IMG_0485.JPG","82946"
"IMG_0486","bad","bad/IMG_0486.JPG","67610"
"IMG_0487","bad","bad/IMG_0487.JPG","58867"
"IMG_0488","bad","bad/IMG_0488.JPG","83028"
"IMG_0489","bad","bad/IMG_0489.JPG","89431"
"IMG_0490","bad","bad/IMG_0490.JPG","67909"
"IMG_0491","bad","bad/IMG_0491.jpg","78124"
"IMG_0492","bad","bad/IMG_0492.jpg","85117"
"IMG_0493","bad","bad/IMG_0493.jpg","82674"
"IMG_0494","bad","bad/IMG_0494.jpg","82414"
"IMG_0495","bad","bad/IMG_0495.jpg","88810"
"IMG_0496","bad","bad/IMG_0496.jpg","110570"
"IMG_0497","bad","bad/IMG_0497.jpg","98141"
"IMG_0498","bad","bad/IMG_0498.jpg","77248"
"IMG_0499","bad","bad/IMG_0499.jpg","74998"
"IMG_0500","bad","bad/IMG_0500.jpg","81194"
"IMG_0501","bad","bad/IMG_0501.jpg","77224"
"IMG_0502","bad","bad/IMG_0502.jpg","115312"
"IMG_0503","bad","bad/IMG_0503.jpg","119673"
"IMG_0504","bad","bad/IMG_0504.jpg","81878"
"IMG_0506","bad","bad/IMG_0506.jpg","82898"
"IMG_0507","bad","bad/IMG_0507.jpg","78604"
"IMG_0508","bad","bad/IMG_0508.jpg","97201"
"IMG_0509","bad","bad/IMG_0509.jpg","86737"
"IMG_0510","bad","bad/IMG_0510.jpg","84517"
"IMG_0511","bad","bad/IMG_0511.jpg","97303"
"IMG_0512","bad","bad/IMG_0512.jpg","90667"
"IMG_0513","bad","bad/IMG_0513.jpg","79186"
"IMG_0514","bad","bad/IMG_0514.jpg","73836"
"IMG_0515","bad","bad/IMG_0515.jpg","71352"
"IMG_0516","bad","bad/IMG_0516.jpg","110968"
"IMG_0517","bad","bad/IMG_0517.jpg","104062"
"IMG_0518","bad","bad/IMG_0518.jpg","69965"
"IMG_0519","bad","bad/IMG_0519.jpg","65084"
"IMG_0520","bad","bad/IMG_0520.jpg","60571"
"IMG_0521","bad","bad/IMG_0521.jpg","52174"
"IMG_0522","bad","bad/IMG_0522.jpg","71019"
"IMG_0523","bad","bad/IMG_0523.jpg","72147"
"IMG_0526","bad","bad/IMG_0526.jpg","87810"
"IMG_0527","bad","bad/IMG_0527.jpg","77907"
"IMG_0528","bad","bad/IMG_0528.jpg","81811"
"IMG_0529","bad","bad/IMG_0529.jpg","89346"
"IMG_0530","bad","bad/IMG_0530.jpg","113828"
"IMG_0531","bad","bad/IMG_0531.jpg","97436"
"IMG_0532","bad","bad/IMG_0532.jpg","150155"
"IMG_0533","bad","bad/IMG_0533.jpg","138762"
"IMG_0534","bad","bad/IMG_0534.jpg","75154"
"IMG_0535","bad","bad/IMG_0535.jpg","59014"
"IMG_0536","bad","bad/IMG_0536.jpg","83561"
"IMG_0537","bad","bad/IMG_0537.jpg","81657"
"IMG_0538","bad","bad/IMG_0538.jpg","72349"
"IMG_0539","bad","bad/IMG_0539.jpg","63677"
"IMG_0540","bad","bad/IMG_0540.jpg","63494"
"IMG_0541","bad","bad/IMG_0541.jpg","59965"
"IMG_0542","bad","bad/IMG_0542.jpg","107682"
"IMG_0543","bad","bad/IMG_0543.jpg","90513"
"IMG_0544","bad","bad/IMG_0544.jpg","72028"
"IMG_0545","bad","bad/IMG_0545.jpg","61921"
"IMG_0548","bad","bad/IMG_0548.jpg","58144"
"IMG_0549","bad","bad/IMG_0549.jpg","51067"
"IMG_0550","bad","bad/IMG_0550.jpg","56462"
"IMG_0551","bad","bad/IMG_0551.jpg","49390"
"IMG_0552","bad","bad/IMG_0552.jpg","141664"
"IMG_0553","bad","bad/IMG_0553.jpg","136746"
"IMG_0554","bad","bad/IMG_0554.jpg","118394"
"IMG_0555","bad","bad/IMG_0555.jpg","104949"
"IMG_0556","bad","bad/IMG_0556.jpg","77323"
"IMG_0557","bad","bad/IMG_0557.jpg","68012"
"IMG_0558","bad","bad/IMG_0558.jpg","149202"
"IMG_0559","bad","bad/IMG_0559.jpg","139805"
"IMG_0560","bad","bad/IMG_0560.jpg","79848"
"IMG_0561","bad","bad/IMG_0561.jpg","78644"
"IMG_0562","bad","bad/IMG_0562.jpg","85850"
"IMG_0563","bad","bad/IMG_0563.jpg","70830"
"IMG_0564","bad","bad/IMG_0564.jpg","61614"
"IMG_0565","bad","bad/IMG_0565.jpg","59470"
"IMG_0566","bad","bad/IMG_0566.jpg","80595"
"IMG_0567","bad","bad/IMG_0567.jpg","88163"
"IMG_0568","bad","bad/IMG_0568.jpg","63331"
"IMG_0569","bad","bad/IMG_0569.jpg","60399"
"IMG_0570","bad","bad/IMG_0570.jpg","51955"
"IMG_0571","bad","bad/IMG_0571.jpg","52256"
"IMG_0572","bad","bad/IMG_0572.jpg","100378"
"IMG_0573","bad","bad/IMG_0573.jpg","94017"
"IMG_0574","bad","bad/IMG_0574.jpg","80381"
"IMG_0575","bad","bad/IMG_0575.jpg","84206"
"IMG_0576","bad","bad/IMG_0576.jpg","85617"
"IMG_0577","bad","bad/IMG_0577.jpg","90109"
"IMG_0578","bad","bad/IMG_0578.jpg","78772"
"IMG_0579","bad","bad/IMG_0579.jpg","75711"
"IMG_0580","bad","bad/IMG_0580.jpg","73329"
"IMG_0581","bad","bad/IMG_0581.jpg","86576"
"IMG_0582","bad","bad/IMG_0582.jpg","98605"
"IMG_0583","bad","bad/IMG_0583.jpg","88734"
"IMG_0584","bad","bad/IMG_0584.jpg","70964"
"IMG_0585","bad","bad/IMG_0585.jpg","66778"
"IMG_0586","bad","bad/IMG_0586.jpg","110336"
"IMG_0587","bad","bad/IMG_0587.jpg","95054"
"IMG_0588","bad","bad/IMG_0588.jpg","59375"
"IMG_0589","bad","bad/IMG_0589.jpg","70311"
"IMG_0590","bad","bad/IMG_0590.jpg","100997"
"IMG_0591","bad","bad/IMG_0591.jpg","77589"
"IMG_0592","bad","bad/IMG_0592.jpg","78781"
"IMG_0593","bad","bad/IMG_0593.jpg","69149"
"IMG_0594","bad","bad/IMG_0594.jpg","83236"
"IMG_0595","bad","bad/IMG_0595.jpg","73465"
"IMG_0596","bad","bad/IMG_0596.jpg","98595"
"IMG_0597","bad","bad/IMG_0597.jpg","119911"
"IMG_0598","bad","bad/IMG_0598.jpg","99364"
"IMG_0599","bad","bad/IMG_0599.jpg","84370"
"IMG_0600","bad","bad/IMG_0600.jpg","64420"
"IMG_0601","bad","bad/IMG_0601.jpg","69430"
"IMG_0602","bad","bad/IMG_0602.jpg","78414"
"IMG_0603","bad","bad/IMG_0603.jpg","71743"
"IMG_0604","bad","bad/IMG_0604.jpg","104648"
"IMG_0605","bad","bad/IMG_0605.jpg","79112"
"IMG_0606","bad","bad/IMG_0606.jpg","66242"
"IMG_0607","bad","bad/IMG_0607.jpg","65482"
"IMG_0608","bad","bad/IMG_0608.jpg","69175"
"IMG_0609","bad","bad/IMG_0609.jpg","64677"
"IMG_0610","bad","bad/IMG_0610.jpg","83322"
"IMG_0611","bad","bad/IMG_0611.jpg","84601"
"IMG_0612","bad","bad/IMG_0612.jpg","65214"
"IMG_0613","bad","bad/IMG_0613.jpg","72117"
"IMG_0614","bad","bad/IMG_0614.jpg","77955"
"IMG_0615","bad","bad/IMG_0615.jpg","65973"
"IMG_0616","bad","bad/IMG_0616.jpg","56370"
"IMG_0617","bad","bad/IMG_0617.jpg","52625"
"IMG_0618","bad","bad/IMG_0618.jpg","101364"
"IMG_0619","bad","bad/IMG_0619.jpg","57381"
"IMG_0620","bad","bad/IMG_0620.jpg","80598"
"IMG_0621","bad","bad/IMG_0621.jpg","72440"
"IMG_0622","bad","bad/IMG_0622.jpg","58990"
"IMG_0623","bad","bad/IMG_0623.jpg","57835"
"IMG_0624","bad","bad/IMG_0624.jpg","90370"
"IMG_0625","bad","bad/IMG_0625.jpg","83614"
"IMG_0626","bad","bad/IMG_0626.jpg","105063"
"IMG_0627","bad","bad/IMG_0627.jpg","89226"
"IMG_0628","bad","bad/IMG_0628.jpg","98606"
"IMG_0629","bad","bad/IMG_0629.jpg","95382"
"IMG_0632","bad","bad/IMG_0632.jpg","74575"
"IMG_0633","bad","bad/IMG_0633.jpg","64722"
"IMG_0634","bad","bad/IMG_0634.jpg","72331"
"IMG_0635","bad","bad/IMG_0635.jpg","75430"
"IMG_0636","bad","bad/IMG_0636.jpg","58350"
"IMG_0637","bad","bad/IMG_0637.jpg","56698"
"IMG_0638","bad","bad/IMG_0638.jpg","58122"
"IMG_0639","bad","bad/IMG_0639.jpg","58041"
"IMG_0640","bad","bad/IMG_0640.jpg","63921"
"IMG_0641","bad","bad/IMG_0641.jpg","62136"
"IMG_0644","bad","bad/IMG_0644.jpg","58833"
"IMG_0645","bad","bad/IMG_0645.jpg","62866"
"IMG_0646","bad","bad/IMG_0646.jpg","56830"
"IMG_0647","bad","bad/IMG_0647.jpg","53469"
"IMG_0648","bad","bad/IMG_0648.jpg","70502"
"IMG_0649","bad","bad/IMG_0649.jpg","62346"
"IMG_0650","bad","bad/IMG_0650.jpg","82881"
"IMG_0651","bad","bad/IMG_0651.jpg","87434"
"IMG_0652","bad","bad/IMG_0652.jpg","54259"
"IMG_0653","bad","bad/IMG_0653.jpg","58847"
"IMG_0654","bad","bad/IMG_0654.jpg","94056"
"IMG_0655","bad","bad/IMG_0655.jpg","89536"
"IMG_0656","bad","bad/IMG_0656.jpg","81506"
"IMG_0657","bad","bad/IMG_0657.jpg","63139"
"IMG_0658","bad","bad/IMG_0658.jpg","61731"
"IMG_0659","bad","bad/IMG_0659.jpg","62284"
"IMG_0660","bad","bad/IMG_0660.jpg","77929"
"IMG_0661","bad","bad/IMG_0661.jpg","79137"
"IMG_0662","bad","bad/IMG_0662.jpg","83367"
"IMG_0663","bad","bad/IMG_0663.jpg","78739"
"IMG_0664","bad","bad/IMG_0664.jpg","64005"
"IMG_0665","bad","bad/IMG_0665.jpg","63918"
"IMG_0666","bad","bad/IMG_0666.jpg","96310"
"IMG_0667","bad","bad/IMG_0667.jpg","81712"
"IMG_0668","bad","bad/IMG_0668.jpg","69319"
"IMG_0669","bad","bad/IMG_0669.jpg","63678"
"IMG_0670","bad","bad/IMG_0670.jpg","51292"
"IMG_0671","bad","bad/IMG_0671.jpg","53430"
"IMG_0116","good","good/IMG_0116.JPG","232903"
"IMG_0117","good","good/IMG_0117.JPG","204090"
"IMG_0118","good","good/IMG_0118.JPG","213876"
"IMG_0119","good","good/IMG_0119.JPG","167074"
"IMG_0120","good","good/IMG_0120.JPG","200961"
"IMG_0121","good","good/IMG_0121.JPG","154396"
"IMG_0134","good","good/IMG_0134.JPG","151377"
"IMG_0135","good","good/IMG_0135.JPG","150260"
"IMG_0144","good","good/IMG_0144.JPG","106627"
"IMG_0145","good","good/IMG_0145.JPG","101475"
"IMG_0154","good","good/IMG_0154.JPG","101292"
"IMG_0155","good","good/IMG_0155.JPG","141052"
"IMG_0156","good","good/IMG_0156.JPG","111613"
"IMG_0157","good","good/IMG_0157.JPG","140837"
"IMG_0164","good","good/IMG_0164.JPG","241593"
"IMG_0165","good","good/IMG_0165.JPG","234688"
"IMG_0168","good","good/IMG_0168.JPG","183040"
"IMG_0169","good","good/IMG_0169.JPG","130996"
"IMG_0170","good","good/IMG_0170.JPG","130811"
"IMG_0171","good","good/IMG_0171.JPG","159166"
"IMG_0172","good","good/IMG_0172.JPG","134221"
"IMG_0175","good","good/IMG_0175.JPG","148922"
"IMG_0176","good","good/IMG_0176.JPG","129609"
"IMG_0181","good","good/IMG_0181.JPG","127603"
"IMG_0182","good","good/IMG_0182.JPG","110438"
"IMG_0187","good","good/IMG_0187.JPG","158687"
"IMG_0188","good","good/IMG_0188.JPG","110305"
"IMG_0199","good","good/IMG_0199.JPG","151041"
"IMG_0200","good","good/IMG_0200.JPG","143643"
"IMG_0206","good","good/IMG_0206.JPG","126474"
"IMG_0207","good","good/IMG_0207.JPG","83295"
"IMG_0208","good","good/IMG_0208.JPG","99192"
"IMG_0209","good","good/IMG_0209.JPG","111726"
"IMG_0212","good","good/IMG_0212.JPG","101588"
"IMG_0213","good","good/IMG_0213.JPG","106579"
"IMG_0238","good","good/IMG_0238.JPG","85796"
"IMG_0239","good","good/IMG_0239.JPG","90073"
"IMG_0250","good","good/IMG_0250.JPG","92036"
"IMG_0251","good","good/IMG_0251.JPG","75839"
"IMG_0252","good","good/IMG_0252.JPG","92132"
"IMG_0253","good","good/IMG_0253.JPG","66581"
"IMG_0258","good","good/IMG_0258.JPG","97669"
"IMG_0259","good","good/IMG_0259.JPG","107252"
"IMG_0268","good","good/IMG_0268.JPG","111279"
"IMG_0269","good","good/IMG_0269.JPG","123822"
"IMG_0274","good","good/IMG_0274.JPG","83594"
"IMG_0275","good","good/IMG_0275.JPG","68409"
"IMG_0288","good","good/IMG_0288.JPG","59807"
"IMG_0289","good","good/IMG_0289.JPG","58157"
"IMG_0308","good","good/IMG_0308.jpg","2656"
"IMG_0311","good","good/IMG_0311.jpg","2629"
"IMG_0312","good","good/IMG_0312.jpg","2552"
"IMG_0313","good","good/IMG_0313.jpg","2224"
"IMG_0314","good","good/IMG_0314.jpg","2171"
"IMG_0321","good","good/IMG_0321.jpg","3874"
"IMG_0322","good","good/IMG_0322.jpg","3900"
"IMG_0345","good","good/IMG_0345.jpg","3047"
"IMG_0346","good","good/IMG_0346.jpg","3277"
"IMG_0349","good","good/IMG_0349.jpg","1820"
"IMG_0350","good","good/IMG_0350.jpg","1651"
"IMG_0351","good","good/IMG_0351.jpg","1924"
"IMG_0352","good","good/IMG_0352.jpg","1580"
"IMG_0357","good","good/IMG_0357.jpg","2041"
"IMG_0358","good","good/IMG_0358.jpg","1846"
"IMG_0361","good","good/IMG_0361.jpg","1996"
"IMG_0362","good","good/IMG_0362.jpg","2059"
"IMG_0377","good","good/IMG_0377.jpg","1738"
"IMG_0378","good","good/IMG_0378.jpg","1854"
"IMG_0383","good","good/IMG_0383.jpg","2388"
"IMG_0384","good","good/IMG_0384.jpg","2375"
"IMG_0390","good","good/IMG_0390.jpg","2192"
"IMG_0391","good","good/IMG_0391.jpg","2232"
"IMG_0392","good","good/IMG_0392.JPG","88147"
"IMG_0393","good","good/IMG_0393.JPG","80371"
"IMG_0396","good","good/IMG_0396.JPG","61588"
"IMG_0397","good","good/IMG_0397.JPG","61685"
"IMG_0398","good","good/IMG_0398.JPG","97910"
"IMG_0399","good","good/IMG_0399.JPG","82774"
"IMG_0410","good","good/IMG_0410.JPG","88676"
"IMG_0411","good","good/IMG_0411.JPG","92076"
"IMG_0414","good","good/IMG_0414.JPG","72356"
"IMG_0415","good","good/IMG_0415.JPG","68655"
"IMG_0419","good","good/IMG_0419.JPG","95186"
"IMG_0420","good","good/IMG_0420.JPG","94569"
"IMG_0433","good","good/IMG_0433.JPG","73339"
"IMG_0434","good","good/IMG_0434.JPG","82797"
"IMG_0459","good","good/IMG_0459.JPG","79977"
"IMG_0460","good","good/IMG_0460.JPG","74934"
"IMG_0461","good","good/IMG_0461.JPG","68819"
"IMG_0462","good","good/IMG_0462.JPG","69823"
"IMG_0505","good","good/IMG_0505.jpg","70055"
"IMG_0524","good","good/IMG_0524.jpg","78161"
"IMG_0525","good","good/IMG_0525.jpg","76458"
"IMG_0546","good","good/IMG_0546.jpg","78760"
"IMG_0547","good","good/IMG_0547.jpg","79520"
"IMG_0630","good","good/IMG_0630.jpg","68328"
"IMG_0631","good","good/IMG_0631.jpg","58661"
"IMG_0642","good","good/IMG_0642.jpg","53758"
"IMG_0643","good","good/IMG_0643.jpg","51660"
